<?xml version="1.0" encoding="UTF-8"?>
<application xmlns:xsi="http://www.w3.org/2001/XMLSchema-instance" xmlns="http://xmlns.jcp.org/xml/ns/javaee" xsi:schemaLocation="http://xmlns.jcp.org/xml/ns/javaee http://xmlns.jcp.org/xml/ns/javaee/application_8.xsd" id="Application_ID" version="8">
  <display-name>studio_ear</display-name>
  <module>
    <ejb>studio_ejb.jar</ejb>
  </module>
  <module>
    <web>
      <web-uri>studio_web.war</web-uri>
      <context-root>studio_web</context-root>
    </web>
  </module>
</application>